{
  "locked": false,
  "disabled": false,
  "private": false,
  "details": {},
  "$schema": "../../bot.config.schema.json",
  "description": "An example bot to demonstrate proactive messages",
  "active": true,
  "version": "1.0.0",
  "author": "Botpress, Inc.",
  "license": "AGPL-3.0",
  "imports": {
    "modules": [],
    "incomingMiddleware": [],
    "outgoingMiddleware": [],
    "contentTypes": [
      "builtin_action-button",
      "builtin_card",
      "builtin_carousel",
      "builtin_image",
      "builtin_single-choice",
      "builtin_text",
      "dropdown"
    ]
  },
  "dialog": {
    "timeoutInterval": "5m"
  },
  "logs": {
    "expiration": "1 week"
  },
  "defaultLanguage": "en",
  "languages": [
    "en"
  ],
  "id": "proactive-bot",
  "name": "proactive-bot",
  "category": null,
  "pipeline_status": {
    "current_stage": {
      "id": "staging",
      "promoted_on": "2019-06-19T18:18:10.840Z",
      "promoted_by": "admin"
    }
  }
}