[
  {
    "id": "builtin_text-iVBzXn",
    "formData": {
      "text$en": "I'm sorry, I did not understand. Please ask me something else.",
      "typing$en": true,
      "text$fr": "Pardon, je n'ai pas compris. Veuillez me poser un autre question.",
      "typing$fr": true
    },
    "createdBy": "admin",
    "createdOn": "2019-07-01T18:28:03.566Z",
    "modifiedOn": "2019-07-01T18:31:39.862Z"
  },
  {
    "id": "builtin_text-error",
    "formData": {
      "text$en": "😯 Oops! We've got a problem. Please try something else while we're fixing it 🔨",
      "typing$en": true
    },
    "createdBy": "admin",
    "createdOn": "2019-09-03T18:58:10.702Z",
    "modifiedOn": "2019-09-03T18:58:10.702Z"
  }
]
