{
  "id": "4wywaoky6v_bye",
  "data": {
    "questions": {
      "en": [
        "bye",
        "Cya",
        "ttyl",
        "Goodbye",
        "Chow",
        "bye for now",
        "alright see you later",
        "talk to you later!",
        "see you tomorrow",
        "good night",
        "Adios",
        "Until next time!"
      ],
      "fr": [
        "Au revoir",
        "Chow",
        "Adieu",
        "À la prochaine!",
        "À une prochaine fois",
        "Bonne nuit",
        "Bonne fin de journée",
        "à plus",
        "a plus dans l'bus",
        "À la revoyure"
      ]
    },
    "answers": {
      "en": [
        "C U later! :) Bye."
      ],
      "fr": [
        "À la prochaine!"
      ]
    },
    "redirectFlow": "",
    "redirectNode": "",
    "action": "text",
    "enabled": true,
    "contexts": [
      "global"
    ]
  }
}
