{
  "id": "54qp2njdz0_how_are_you",
  "data": {
    "questions": {
      "en": [
        "How are you?",
        "How's it going?",
        "what's up?",
        "how things?",
        "how are you doing?",
        "how are you buddy?",
        "how are you feeling?",
        "How is your mood today?",
        "are you well?",
        "How was your day?"
      ],
      "fr": [
        "Comment ça va?",
        "Tu vas bien?",
        "Vous vous portez bien?",
        "ca va",
        "Comment se passe ta journée",
        "Ta journée se passe bien pour toi?",
        "De quel humeur es-tu?",
        "Yo, ça va?",
        "ça roule?",
        "ca se passe bien?"
      ]
    },
    "answers": {
      "en": [
        "Pretty good, thank you for asking!"
      ],
      "fr": [
        "Ça va très bien! Merci de le demander!"
      ]
    },
    "redirectFlow": "",
    "redirectNode": "",
    "action": "text",
    "enabled": true,
    "contexts": [
      "global"
    ]
  }
}
