{
  "id": "5i6fs3vzfj_what_can_you_do",
  "data": {
    "questions": {
      "en": [
        "What can you do?",
        "how can you help me?",
        "how do I use this?",
        "Show me a list of your features",
        "What options can you help me with?",
        "Tell me about your capabilities",
        "What things can you do?",
        "Can you give me a menu of your functionalities?",
        "What is your purpose?",
        "What is it you can help me with?",
        "Can i see a list of your skills?"
      ],
      "fr": [
        "Qu'est que tu peux faire?",
        "Quels sont vos capacités?",
        "Tu peux faire quoi pour moi",
        "À quoi tu sers?",
        "Je peux voir un menu de tes options?",
        "Avec quoi pouvez-vous m'aider?",
        "Liste de tes capacités",
        "Quel est votre utilité?",
        "Tous tes options svp",
        "Que peux-tu faire pour moi?"
      ]
    },
    "answers": {
      "en": [
        "I can help you with multiple things, just ask"
      ],
      "fr": [
        "Je peux faire plusieurs trucs, il suffit de demander!"
      ]
    },
    "redirectFlow": "",
    "redirectNode": "",
    "action": "text",
    "enabled": true,
    "contexts": [
      "global"
    ]
  }
}
