{
  "id": "rkmsylph53_hello",
  "data": {
    "questions": {
      "en": [
        "Hello",
        "Hi",
        "Hey",
        "Heya",
        "hey there",
        "bonjour",
        "sup'",
        "Heyyyy",
        "Greetings",
        "Salutations"
      ],
      "fr": [
        "Bonjour",
        "Salut",
        "Allo",
        "Cou cou",
        "Bonsoir",
        "Bon matin",
        "Bonne matinée",
        "Bonjour toi",
        "Salut vous",
        "Bonjour le robot"
      ]
    },
    "answers": {
      "en": [
        "Hello! Nice to meet you!"
      ],
      "fr": [
        "Bonjour, c'est un plaisir de vous rencontrer!"
      ]
    },
    "redirectFlow": "",
    "redirectNode": "",
    "action": "text",
    "enabled": true,
    "contexts": [
      "global"
    ]
  }
}
