{
  "id": "uqvj6jdj32_you_are_annoying",
  "data": {
    "questions": {
      "en": [
        "you are annoying",
        "stop talking",
        "please stop it",
        "you annoy me",
        "you are unpleasant",
        "you are a bad bot",
        "you are useless",
        "you are dumb",
        "dumb bot",
        "you are lame",
        "you're horrible",
        "What a waste of time you are!"
      ],
      "fr": [
        "Tu m'énerves",
        "Tu me tapes sur les nerfs",
        "Vous êtes hautement inutile",
        "Votre incompétence n'a pas d'égal",
        "Vous êtes un robot stupide",
        "Tu es nul",
        "Tu sers à rien",
        "Tu me désoles",
        "Pauvre robot inutile",
        "Tes réponses sont d'une idiocy complète"
      ]
    },
    "answers": {
      "en": [
        "I'm sorry you feel that way."
      ],
      "fr": [
        "Je suis désolé, que vous vous sentiez comme ça."
      ]
    },
    "redirectFlow": "",
    "redirectNode": "",
    "action": "text",
    "enabled": true,
    "contexts": [
      "global"
    ]
  }
}
