{
  "version": "0.0.1",
  "catchAll": {
    "next": []
  },
  "startNode": "entry",
  "skillData": {
    "randomId": "dp2rhjw4k1",
    "contentId": "builtin_single-choice-3TrCWM",
    "invalidContentId": "",
    "keywords": {
      "Yes, show me pictures": [
        "Yes, show me pictures"
      ],
      "No, test out the NLU first": [
        "No, test out the NLU first"
      ]
    },
    "config": {
      "nbMaxRetries": 3,
      "repeatChoicesOnInvalid": false,
      "variableName": ""
    }
  },
  "nodes": [
    {
      "name": "entry",
      "onEnter": [
        "say #!builtin_single-choice-3TrCWM {\"skill\":\"choice\"}"
      ],
      "next": [
        {
          "condition": "true",
          "node": "parse"
        }
      ],
      "id": "710133"
    },
    {
      "name": "parse",
      "onReceive": [
        "basic-skills/choice_parse_answer {\"randomId\":\"dp2rhjw4k1\",\"contentId\":\"builtin_single-choice-3TrCWM\",\"invalidContentId\":\"\",\"keywords\":{\"Yes, show me pictures\":[\"Yes, show me pictures\"],\"No, test out the NLU first\":[\"No, test out the NLU first\"]},\"config\":{\"nbMaxRetries\":3,\"repeatChoicesOnInvalid\":false,\"variableName\":\"\"}}"
      ],
      "next": [
        {
          "condition": "temp['skill-choice-valid-dp2rhjw4k1'] === true",
          "node": "#"
        },
        {
          "condition": "true",
          "node": "invalid"
        }
      ],
      "triggers": [
        {
          "conditions": [
            {
              "id": "always"
            }
          ]
        }
      ],
      "onEnter": [],
      "id": "995161"
    },
    {
      "name": "invalid",
      "onEnter": [
        "basic-skills/choice_invalid_answer {\"randomId\":\"dp2rhjw4k1\"}"
      ],
      "next": [
        {
          "condition": "Number(temp['skill-choice-invalid-count-dp2rhjw4k1']) > Number(3)",
          "node": "#"
        },
        {
          "condition": "true",
          "node": "sorry"
        }
      ],
      "id": "565662"
    },
    {
      "name": "sorry",
      "onEnter": [],
      "next": [
        {
          "condition": "true",
          "node": "parse"
        }
      ],
      "id": "096017"
    }
  ]
}