{
  "version": "0.0.1",
  "catchAll": {
    "next": []
  },
  "startNode": "check-if-extracted",
  "skillData": {
    "retryAttempts": 1,
    "contentElement": "builtin_text-g69lJz",
    "notFoundElement": "builtin_text-Cmiv8o",
    "turnExpiry": -1,
    "intent": "rover-pictures",
    "slotName": "earthDate",
    "entities": [
      "time"
    ]
  },
  "nodes": [
    {
      "name": "slot-extract",
      "onEnter": [
        "say #!builtin_text-g69lJz {}"
      ],
      "onReceive": [
        "basic-skills/slot_fill {\"slotName\":\"earthDate\",\"entities\":\"time\", \"turnExpiry\":-1}"
      ],
      "next": [
        {
          "condition": "session.slots['earthDate'] && (temp.valid === undefined || temp.valid == \"true\")",
          "node": "extracted"
        },
        {
          "condition": "true",
          "node": "not-extracted"
        }
      ],
      "id": "175165"
    },
    {
      "name": "extracted",
      "onEnter": [
        "builtin/setVariable {\"type\":\"temp\",\"name\":\"extracted\",\"value\":\"true\"}"
      ],
      "next": [
        {
          "condition": "true",
          "node": "#"
        }
      ],
      "id": "902512"
    },
    {
      "name": "not-extracted",
      "onEnter": [
        "basic-skills/slot_not_found {\"retryAttempts\":\"1\"}",
        "say #!builtin_text-Cmiv8o {}"
      ],
      "onReceive": [
        "basic-skills/slot_fill {\"slotName\":\"earthDate\",\"entities\":\"time\", \"turnExpiry\":-1}"
      ],
      "next": [
        {
          "condition": "session.slots['earthDate'] && (temp.valid === undefined || temp.valid == \"true\")",
          "node": "extracted"
        },
        {
          "condition": "temp.notExtracted == \"true\"",
          "node": "#"
        },
        {
          "condition": "true",
          "node": ""
        }
      ],
      "id": "173451"
    },
    {
      "name": "check-if-extracted",
      "onEnter": [
        "basic-skills/slot_update_contexts {\"intentName\":\"rover-pictures\"}"
      ],
      "next": [
        {
          "condition": "session.slots['earthDate'] !== undefined",
          "node": "already-extracted"
        },
        {
          "condition": "true",
          "node": "slot-extract"
        }
      ],
      "id": "152971"
    },
    {
      "name": "already-extracted",
      "onEnter": [
        "builtin/setVariable {\"type\":\"temp\",\"name\":\"alreadyExtracted\",\"value\":\"true\"}"
      ],
      "next": [
        {
          "condition": "true",
          "node": "#"
        }
      ],
      "id": "213036"
    }
  ]
}