{
  "nodes": [
    {
      "id": "175165",
      "position": {
        "x": 0,
        "y": 0
      }
    },
    {
      "id": "902512",
      "position": {
        "x": 0,
        "y": 0
      }
    },
    {
      "id": "173451",
      "position": {
        "x": 0,
        "y": 0
      }
    },
    {
      "id": "152971",
      "position": {
        "x": 0,
        "y": 0
      }
    },
    {
      "id": "213036",
      "position": {
        "x": 0,
        "y": 0
      }
    }
  ],
  "links": [
    {
      "source": "152971",
      "sourcePort": "out1",
      "target": "175165",
      "points": [
        {
          "x": 200,
          "y": 140
        },
        {
          "x": 1,
          "y": 18
        }
      ]
    },
    {
      "source": "152971",
      "sourcePort": "out0",
      "target": "213036",
      "points": [
        {
          "x": 200,
          "y": 110
        },
        {
          "x": 1,
          "y": 18
        }
      ]
    },
    {
      "source": "173451",
      "sourcePort": "out0",
      "target": "902512",
      "points": [
        {
          "x": 200,
          "y": 152
        },
        {
          "x": 1,
          "y": 31
        }
      ]
    },
    {
      "source": "175165",
      "sourcePort": "out1",
      "target": "173451",
      "points": [
        {
          "x": 200,
          "y": 164
        },
        {
          "x": 1,
          "y": 18
        }
      ]
    },
    {
      "source": "175165",
      "sourcePort": "out0",
      "target": "902512",
      "points": [
        {
          "x": 200,
          "y": 122
        },
        {
          "x": 1,
          "y": 31
        }
      ]
    }
  ]
}