{
  "version": "0.0.1",
  "catchAll": {
    "onReceive": [],
    "next": []
  },
  "startNode": "entry",
  "nodes": [
    {
      "id": "entry",
      "name": "entry",
      "next": [
        {
          "condition": "event.nlu.intent.name === 'none'",
          "node": "none_message"
        }
      ],
      "onEnter": [],
      "onReceive": null
    },
    {
      "id": "58a637911b",
      "name": "none_message",
      "next": [],
      "onEnter": [
        "say #!builtin_text-iVBzXn"
      ],
      "onReceive": null
    }
  ]
}