{
  "version": "0.0.1",
  "catchAll": {
    "onReceive": [],
    "next": []
  },
  "startNode": "Greet_if_needed",
  "nodes": [
    {
      "id": "entry",
      "name": "Greet_if_needed",
      "next": [
        {
          "condition": "session.greeted === \"true\"",
          "node": "Suggest_action"
        },
        {
          "condition": "true",
          "node": "Greet"
        }
      ],
      "onEnter": [],
      "onReceive": null
    },
    {
      "id": "acdb9e037c",
      "name": "Greet",
      "next": [
        {
          "condition": "true",
          "node": "Suggest_action"
        }
      ],
      "onEnter": [
        "builtin/setVariable {\"type\":\"session\",\"name\":\"greeted\",\"value\":\"true\"}",
        "say #!builtin_text-0xvGfV",
        "say #!builtin_text-RvPCjo",
        "say #!builtin_text-CAyqet"
      ],
      "onReceive": null,
      "type": "standard"
    },
    {
      "id": "9c4db7f3a9",
      "name": "Intent_detection",
      "next": [
        {
          "condition": "event.nlu.intent.name === 'rover-pictures'",
          "node": "rover-pictures.flow.json"
        },
        {
          "condition": "true",
          "node": "Misunderstood"
        }
      ],
      "onEnter": [
        "say #!builtin_text-2sVPOP"
      ],
      "onReceive": [],
      "type": "standard"
    },
    {
      "id": "6f213759b5",
      "name": "Misunderstood",
      "next": [
        {
          "condition": "true",
          "node": "Suggest_action"
        }
      ],
      "onEnter": [
        "say #!builtin_text-eOp9PY"
      ],
      "onReceive": null,
      "type": "standard"
    },
    {
      "id": "skill-28389b",
      "type": "skill-call",
      "skill": "choice",
      "name": "Suggest_action",
      "flow": "skills/choice-28389b.flow.json",
      "next": [
        {
          "caption": "User picked [Yes, sh...]",
          "condition": "temp['skill-choice-ret-dp2rhjw4k1'] == \"Yes, show me pictures\"",
          "node": "rover-pictures.flow.json"
        },
        {
          "caption": "User picked [No, tes...]",
          "condition": "temp['skill-choice-ret-dp2rhjw4k1'] == \"No, test out the NLU first\"",
          "node": "Intent_detection"
        },
        {
          "caption": "On failure",
          "condition": "true",
          "node": "fallback-redirect.flow.json"
        }
      ],
      "onEnter": null,
      "onReceive": null
    }
  ]
}