{
  "name": "__qna__fejwh1accg_would_you_marry_me",
  "contexts": [
    "global"
  ],
  "utterances": {
    "en": [
      "Would you marry me ?",
      "Will you marry me?",
      "I want to marry you",
      "Can we get married",
      "Do you want to be my wife?",
      "Be my husband?",
      "When can we get hitched?",
      "Want to get married?",
      "Will you give me the honor of being my wife?",
      "Shall we hookup?"
    ],
    "fr": [
      "Voulez-vous m'épouser?",
      "Tu veux me marier?",
      "On se marrie quand?",
      "Je veux te demander ta main en marriage?",
      "Épouse-moi",
      "Tu veux m'épouser svp",
      "Je vous en prie, mariez moi!",
      "Tu veux être mon mari?",
      "Soyez ma femme, pour le reste de nos jours!",
      "Puis-je te demander ta main en marriage?"
    ]
  },
  "slots": []
}