{
  "name": "__qna__f2osy09wyi_what_s_your_hobby",
  "contexts": [
    "global"
  ],
  "utterances": {
    "en": [
      "What's your hobby?",
      "Do you have a hobby?",
      "What do you do in your free time?",
      "Does a bot have leisure activities?",
      "What is your favorite pastime?",
      "What does a bot do for divertissement?",
      "What do you do in your down time?",
      "What is your passion?",
      "What do you do for fun?",
      "Tell me your favorite activity"
    ],
    "fr": [
      "Quel est ton loisir?",
      "Dit moi ton hobby préféré?",
      "Quel est votre passe temps?",
      "Qu'est ce que vous faites dans vos temps mort",
      "Tu t'occupes de quel manière.",
      "Qu'est ce que tu fais dans la vie pour le plaisir",
      "Qu'aimer vous faire de vos temps morts?",
      "Parles moi de ton loisir préféré!",
      "Comment vous utiliser vos temps morts?",
      "De quel manière est ce que tu te distrais?"
    ]
  },
  "slots": []
}