[
  {
    "id": "builtin_text-8mwYrq",
    "formData": {
      "text$en": "The bot {{temp.delegation.0.botId}} can help you with that question.\n\n[Talk to {{temp.delegation.0.botId}}]({{{temp.delegation.0.botUrl}}})\n\nBy the way, {{temp.delegation.0.botId}} is telling you:\n> {{{temp.delegation.0.answer}}}",
      "typing$en": true,
      "markdown$en": true
    },
    "createdBy": "admin",
    "createdOn": "2019-03-25T21:49:17.498Z",
    "modifiedOn": "2019-03-25T21:54:30.808Z"
  },
  {
    "id": "builtin_text-JqYzWM",
    "formData": {
      "text$en": "I'm sorry, I don't know any bot that can help you with that question.",
      "typing$en": true,
      "markdown$en": true
    },
    "createdBy": "admin",
    "createdOn": "2019-03-25T21:49:49.933Z",
    "modifiedOn": "2019-03-25T21:49:49.933Z"
  }
]
